Tema,age_y
Africa,42.64
Asia,43.11994002998501
Australia,43.6198347107438
Europe,43.099378881987576
North America,44.030674846625764
South America,43.68803418803419
